property,benchmark,unwind,rounds,time
unreach-call,safe001_power.oepc,2,2,1.16462
unreach-call,tls_destructor_worker,2,1,0.358486
unreach-call,safe000_rmo,2,2,1.1073
unreach-call,mix000.oepc,2,3,1.46193
unreach-call,13-privatized_67-pthread_cond_wait_true,2,15,67067
unreach-call,mix000.opt,2,3,1.33674
unreach-call,safe012_pso.oepc_pso.opt_rmo.opt,2,3,3.58316
unreach-call,rfi000_power.oepc_pso.oepc_rmo.oepc,2,3,1.68675
unreach-call,mix046.opt,2,3,1.69742
unreach-call,mix041_power.opt_pso.opt_rmo.opt_tso.oepc_tso.opt,2,3,1.20816
unreach-call,mix046.oepc,2,3,2.07161
unreach-call,28-race_reach_86-lists_racing,400,2,
unreach-call,mix026.oepc,2,3,2.07569
unreach-call,linux-3.14--drivers--usb--misc--adutux.ko.cil,2,1,
unreach-call,safe012_rmo.oepc,2,2,0.769405
unreach-call,safestack_relacy,6,2,3616.97
unreach-call,rfi005,2,1,1497
unreach-call,mix019_tso.oepc,2,3,1.62117
unreach-call,mix003.oepc,2,3,1.63302
unreach-call,mix036_pso.opt_tso.opt,2,3,3.4858
unreach-call,safe021_power.oepc_pso.oepc_rmo.oepc_rmo.opt,2,3,1.52733
unreach-call,safe031_power.oepc_pso.oepc_rmo.oepc,2,3,1.31084
unreach-call,mix002.opt,2,3,1.69663
unreach-call,safe030_power.opt_pso.opt_rmo.opt,2,3,1.35218
unreach-call,28-race_reach_24-sound_lock_racing,10001,2,
unreach-call,mix015.opt,2,3,1.60177
unreach-call,safe015_power.oepc,2,1,0.653752
unreach-call,mix019_power.oepc_pso.oepc_rmo.oepc,2,3,3.59925
unreach-call,linux-3.14--drivers--media--platform--marvell-ccic--cafe_ccic.ko.cil-2,2,1,
unreach-call,mix037.opt,2,3,1.64391
unreach-call,thin002_power.oepc,2,2,1.00305
unreach-call,mix043.opt,2,3,1.76296
unreach-call,safe000_power.opt,2,3,1.64732
unreach-call,rfi006_power.oepc,2,2,0.940327
unreach-call,triangular-2,6,6,4.96881
valid-memsafety,reorder_5-2,2,1,
unreach-call,13-privatized_41-traces-ex-7_unknown_1_neg,2,1,2.19439
unreach-call,28-race_reach_37-indirect_racing,10001,2,
no-overflow,char_pc8736x_gpio_pc8736x_gpio_current_pc8736x_gpio_set-set_ovfl,100,1,28.9043
unreach-call,mix036_power.opt_rmo.opt,2,3,3.98784
unreach-call,mix030_tso,2,3,1.95494
no-overflow,28-race_reach_79-equ_racefree-overflow,2,1,115166
unreach-call,mix043.oepc,2,3,2.23705
unreach-call,race-2_3-container_of,2,3,
unreach-call,safe026_power.oepc_power.opt_pso.oepc_pso.opt_rmo.oepc_rmo.opt,2,3,1.48719
unreach-call,13-privatized_67-pthread_cond_wait_unknown_1_neg,2,1,2.60116
unreach-call,mix038_power.oepc_pso.oepc_rmo.oepc,2,3,1.63046
unreach-call,safe020_power,2,3,1.65721
unreach-call,mix040.opt,2,3,1.53416
valid-memsafety,09-regions_13-arraycollapse_nr-deref,12,1,1310.27
unreach-call,safe024_power.oepc_power.opt_pso.oepc_pso.opt_rmo.oepc_rmo.opt,2,3,1.34934
unreach-call,mix044.opt,2,3,1.76655
unreach-call,safe009_rmo.oepc,2,2,0.93931
unreach-call,safe008_power.oepc_pso.oepc_pso.opt_rmo.oepc_rmo.opt,2,3,1.58193
valid-memsafety,char_pc8736x_gpio_pc8736x_gpio_current_pc8736x_gpio_get,100,2,0.0449059
unreach-call,mix036.oepc,2,3,2.09554
unreach-call,mix026_power.opt_tso.opt,2,3,1.87059
unreach-call,mix014_power.oepc_pso.oepc_rmo.oepc,2,3,2.11244
unreach-call,safe032_power.oepc_power.opt_pso.oepc_pso.opt_rmo.oepc_rmo.opt,2,3,2.02288
unreach-call,mix009.opt,2,3,1.28027
unreach-call,mix018.opt,2,3,1.91392
unreach-call,mix029_power.opt_pso.opt_rmo.opt,2,3,1.93148
unreach-call,safe023_power.oepc_power.opt_pso.oepc_pso.opt_rmo.oepc_rmo.opt,2,3,2.38236
unreach-call,mix001.oepc,2,3,1.90048
unreach-call,safe014_rmo.opt,2,3,1.58372
valid-memsafety,char_pc8736x_gpio_pc8736x_gpio_open_pc8736x_gpio_change,100,2,0.0449951
unreach-call,safe016_rmo.opt,2,3,1.87802
unreach-call,mix053_power.oepc_pso.oepc_rmo.oepc,2,3,1.97376
valid-memsafety,28-race_reach_87-lists_racefree-deref,10001,1,0.0732681
unreach-call,28-race_reach_21-deref_read_racing,10001,2,
unreach-call,safe025_power,2,1,0.652467
valid-memsafety,09-regions_12-arraycollapse_rc-deref,12,1,2065.79
unreach-call,mix035.oepc,2,3,1.6544
unreach-call,safe011_power.opt_pso.opt,2,3,1.53666
unreach-call,fib_unsafe-6,17,7,
unreach-call,mix025_power.oepc_power.opt_pso.oepc_rmo.oepc_tso.oepc_tso.opt,2,3,1.52952
unreach-call,mix044_tso.oepc,2,3,2.02934
unreach-call,40_barrier_vf,3,2,
unreach-call,25_stack_longest-2,2,1,144137
unreach-call,mix013.oepc,2,3,2.10293
valid-memsafety,fillarray1,2,1,
unreach-call,mix055_power.oepc_pso.oepc_rmo.oepc,2,3,1.96772
unreach-call,safe004_power.opt_pso.opt_rmo.opt,2,3,3.19611
unreach-call,mix033_tso.oepc,2,3,1.65788
unreach-call,36-apron_17-traces-rpb-litmus_unknown_1_pos,2,1,3.38413
valid-memsafety,clhlock,6,1,5.60571
unreach-call,mix012_pso.opt_tso.opt,2,3,1.26707
unreach-call,mix057_power.oepc_pso.oepc_rmo.oepc,2,3,1.8503
unreach-call,mix038.opt,2,3,1.30443
unreach-call,safe007_rmo.oepc_rmo.opt-thin001_rmo.oepc_rmo.opt,2,2,0.770854
unreach-call,linux-3.14--drivers--net--irda--nsc-ircc.ko.cil,2,1,
unreach-call,28-race_reach_72-funloop_hard_racing,12,3,
unreach-call,mix011_power.oepc_pso.oepc_rmo.oepc,2,3,3.81876
unreach-call,mix023_power.oepc_pso.oepc_rmo.oepc,2,3,2.10233
unreach-call,28-race_reach_61-invariant_racing,10001,2,
unreach-call,mix028_tso,2,3,1.65645
unreach-call,safe015_rmo,2,3,1.58447
unreach-call,safe004_power.oepc_pso.oepc_rmo.oepc,2,3,2.12116
unreach-call,mix004.oepc,2,3,4.39889
unreach-call,unwind2-1,2,2,0.431646
unreach-call,mix016_pso.opt_tso.opt,2,3,3.49889
unreach-call,mix028_power.opt_pso.opt_rmo.opt,2,3,1.53849
unreach-call,mix027_power.opt_pso.opt_rmo.opt,2,3,1.75338
unreach-call,mix045_power.oepc_pso.oepc_rmo.oepc,2,3,1.53362
unreach-call,mix021_tso.oepc,2,3,1.99317
valid-memsafety,char_pc8736x_gpio_pc8736x_gpio_open_pc8736x_gpio_configure,100,2,0.0449188
unreach-call,thin002_rmo,2,2,0.975061
unreach-call,mix037_power.oepc_pso.oepc_rmo.oepc,2,3,2.31088
valid-memsafety,sssc12_variant-2,2,1,
unreach-call,13-privatized_19-publish-precision_unknown_2_pos,2,1,2.79041
unreach-call,mix016_power.opt_rmo.opt,2,3,1.43726
unreach-call,safe006_rmo.oepc_rmo.opt-thin000_rmo.oepc_rmo.opt,2,2,0.870229
unreach-call,mix024_power.oepc_pso.oepc_rmo.oepc_tso.oepc_tso.opt,2,3,1.66223
unreach-call,13-privatized_18-first-reads_unknown_1_neg,2,1,1.08768
valid-memsafety,char_pc8736x_gpio_pc8736x_gpio_change_pc8736x_gpio_set,100,2,0.044772
unreach-call,mix010.oepc,2,3,1.64894
unreach-call,mix010.opt,2,3,1.61425
unreach-call,safe014_power.opt,2,2,0.995129
valid-memsafety,reorder_2-2,2,1,
unreach-call,mix024_power.opt_pso.opt_rmo.opt,2,3,1.49623
unreach-call,safe016_power.opt,2,3,1.93636
valid-memsafety,twostage_3-2,2,1,
unreach-call,mix035_power.opt_rmo.opt,2,3,1.48052
valid-memsafety,char_pc8736x_gpio_pc8736x_gpio_configure_pc8736x_gpio_get,100,2,0.0450059
valid-memsafety,09-regions_11-arraylist_nr-deref,12,1,429.34
unreach-call,popl20-more-buffer-mult3.wvr,2,3,4.00773
unreach-call,mix022_tso,2,3,1.43422
unreach-call,popl20-more-array-sum.wvr,3,3,5.88002
unreach-call,mix017.oepc,2,3,2.14518
unreach-call,mix006.opt,2,3,1.60792
unreach-call,thin002_power.opt,2,3,4.78848
unreach-call,28-race_reach_19-callback_racing,10001,2,
valid-memsafety,char_pc8736x_gpio_pc8736x_gpio_change_pc8736x_gpio_get,100,2,0.0450959
unreach-call,mix025_pso.opt_rmo.opt,2,3,1.41486
unreach-call,mix016.oepc,2,3,1.63994
unreach-call,safe007_power.opt-thin001_power.opt,2,3,1.48983
unreach-call,triangular-longer-2,12,11,379.67
unreach-call,safe009_power.oepc,2,2,1.00795
unreach-call,mix005.opt,2,3,1.8685
unreach-call,safe029_power.opt_pso.opt_rmo.opt,2,3,1.07056
unreach-call,mix051_pso.opt_rmo.opt_tso.opt,2,3,1.52429
valid-memsafety,fillarray,2,1,
unreach-call,mix047_power.opt_pso.opt_rmo.opt_tso.oepc_tso.opt,2,3,1.72037
valid-memsafety,09-regions_12-arraycollapse_rc,12,2,0.339758
unreach-call,mix020.oepc,2,3,2.06214
unreach-call,36-apron_41-threadenter-no-locals_unknown_1_pos,2,1,0.0194391
unreach-call,13-privatized_19-publish-precision_unknown_2_neg,2,2,14.4799
unreach-call,safe012_power.opt,2,3,3.15863
no-overflow,04-mutex_36-trylock_nr-overflow,2,1,3.22554
valid-memsafety,char_pc8736x_gpio_pc8736x_gpio_current_pc8736x_gpio_set,100,2,0.045344
unreach-call,char_pc8736x_gpio_pc8736x_gpio_change_pc8736x_gpio_set,100,2,310758
unreach-call,unwind1-nondet,2,1,0.26534
valid-memsafety,char_pc8736x_gpio_pc8736x_gpio_configure_pc8736x_gpio_current,100,2,0.0448505
no-overflow,04-mutex_46a-escape_nr,2,1,1.14
unreach-call,safe009_rmo.opt,2,3,1.33749
unreach-call,race-3_2-container_of-global,2,3,
valid-memsafety,char_pc8736x_gpio_pc8736x_gpio_get_pc8736x_gpio_set,100,2,0.0450148
unreach-call,mix001.opt,2,3,1.64905
unreach-call,mix054_power.oepc_power.opt_pso.oepc_rmo.oepc,2,3,1.1248
unreach-call,28-race_reach_06-cond_racing1,10001,2,
unreach-call,char_pc8736x_gpio_pc8736x_gpio_current_pc8736x_gpio_set,100,2,296554
unreach-call,mix008_tso.oepc,2,3,3.29763
unreach-call,safe020_rmo,2,3,1.36598
no-overflow,char_pc8736x_gpio_pc8736x_gpio_configure_pc8736x_gpio_set-set_ovfl,100,1,26.9009
unreach-call,pthread-demo-datarace-3,21,2,2.82638
unreach-call,mix013.opt,2,3,1.84436
unreach-call,unwind2-100,200,2,11.7201
unreach-call,mix038_tso.oepc,2,3,1.62942
valid-memsafety,09-regions_09-arraylist-deref,2,1,20.6926
unreach-call,28-race_reach_27-funptr_racing,10001,2,
unreach-call,mix021_power.oepc_pso.oepc_rmo.oepc,2,3,2.00519
unreach-call,safe011_power.oepc_pso.oepc_rmo.oepc_rmo.opt,2,3,1.54921
unreach-call,28-race_reach_01-simple_racing,10001,2,
unreach-call,safe002_power.opt_pso.oepc_pso.opt_rmo.opt,2,3,1.42471
unreach-call,popl20-more-buffer-series3.wvr,2,3,4.42032
unreach-call,safe019_power.oepc,2,2,1.20598
unreach-call,safe018_power.opt,2,3,1.78582
unreach-call,fib_unsafe-11,25,12,
unreach-call,safe028_rmo,2,3,1.41091
unreach-call,mix055_tso.oepc,2,3,2.12709
unreach-call,char_pc8736x_gpio_pc8736x_gpio_change_pc8736x_gpio_current,100,2,525665
unreach-call,mix006_power.oepc_pso.oepc_rmo.oepc,2,3,1.63938
unreach-call,bounded_buffer,400,3,66.8472
unreach-call,mix037_tso.oepc,2,3,2.14192
unreach-call,stack-2,2,1,3.3243
unreach-call,arithmetic_prog_bad,4,4,
unreach-call,mix052_pso.opt_rmo.opt_tso.opt,2,3,1.24826
unreach-call,queue,2,2,33.7316
unreach-call,mix006_tso.oepc,2,3,3.02431
unreach-call,28-race_reach_11-ptr_racing,10001,2,
unreach-call,mix057_power.opt_pso.opt_rmo.opt_tso.oepc_tso.opt,2,3,1.70007
unreach-call,safe001_rmo.oepc,2,2,1.12561
unreach-call,rfi001_power.opt_pso.opt_rmo.opt_tso.oepc_tso.opt,2,3,1.22225
unreach-call,mix027_tso,2,3,2.2456
unreach-call,13-privatized_18-first-reads_unknown_2_neg,2,1,1.08389
unreach-call,twostage_3,2,1,
unreach-call,mix023_power.opt_pso.opt_rmo.opt,2,3,1.82852
unreach-call,mix009.oepc,2,3,1.22854
valid-memsafety,char_pc8736x_gpio_pc8736x_gpio_open_pc8736x_gpio_get,100,2,0.0451888
unreach-call,race-2_2-container_of,2,3,
unreach-call,fib_unsafe-5,17,6,1051.56
unreach-call,safe014_power.oepc,2,2,0.813134
unreach-call,safe013_power.oepc_power.opt_pso.oepc_pso.opt_rmo.oepc_rmo.opt,2,3,1.3163
unreach-call,mix022_power.oepc_power.opt_pso.oepc_pso.opt_rmo.oepc_rmo.opt,2,3,1.17023
unreach-call,safe027_rmo,2,2,1.03854
unreach-call,rfi009_power.oepc,2,2,0.959319
unreach-call,rfi006_rmo,2,2,0.901086
no-overflow,06-symbeq_11a-equ_nr,2,1,2.13257
unreach-call,mix053_tso.oepc,2,3,1.86596
unreach-call,elimination_backoff_stack,2,2,1043.31
valid-memsafety,09-regions_19-nested_nr-deref,12,1,531875
unreach-call,rfi008.oepc,2,3,1.46823
valid-memsafety,char_pc8736x_gpio_pc8736x_gpio_configure_pc8736x_gpio_set,100,2,0.0448955
unreach-call,mix056_power.oepc_pso.oepc_rmo.oepc,2,3,1.46396
unreach-call,13-privatized_19-publish-precision_unknown_1_pos,2,2,10117
unreach-call,race-2_4-container_of,2,3,
unreach-call,28-race_reach_84-list2_racing2,10001,3,
unreach-call,linux-3.14--drivers--net--irda--w83977af_ir.ko.cil,2,1,
valid-memsafety,list1,2,1,
unreach-call,safe022_power.oepc_power.opt_pso.oepc_pso.opt_rmo.oepc_rmo.opt,2,3,1.1541
unreach-call,rfi004,2,3,1.04932
unreach-call,mix004.opt,2,3,1.87399
unreach-call,safe016_rmo.oepc,2,2,1.80137
unreach-call,26_stack_cas_longer-1,1,1,100402
unreach-call,13-privatized_67-pthread_cond_wait_unknown_1_pos,2,15,67.9849
unreach-call,mix031.opt,2,3,1.13929
unreach-call,mix003_power.opt_pso.opt_rmo.opt_tso.opt,2,3,3.60172
unreach-call,rfi010,2,3,1.26706
unreach-call,28-race_reach_94-alloc_region_racing,2,1,
unreach-call,stateful01-1,2,2,9.35187
unreach-call,mix018_tso.oepc,2,3,4.1427
unreach-call,triangular-longest-2,21,21
unreach-call,mix027_power.oepc_pso.oepc_rmo.oepc,2,3,2.03343
unreach-call,mix017_pso.opt_tso.opt,2,3,1.85643
unreach-call,mix033_power.oepc_pso.oepc_rmo.oepc,2,3,1.60217
unreach-call,13-privatized_18-first-reads_unknown_1_pos,2,1,1.08713
unreach-call,popl20-more-array-sum-alt.wvr,3,3,2.57687
unreach-call,safe031_power.opt_pso.opt_rmo.opt,2,3,1.42642
unreach-call,28-race_reach_07-cond_racing2,10001,2,
unreach-call,safe018_power.oepc,2,2,0.792846
unreach-call,28-race_reach_09-ptrmunge_racing,10001,2,
unreach-call,mix030_power.oepc_pso.oepc_rmo.oepc,2,3,2.03493
unreach-call,safe025_rmo,2,3,1.5764
unreach-call,28-race_reach_83-list2_racing1,10001,3,
unreach-call,mix039.oepc,2,3,2.05934
unreach-call,lazy01,2,1,2.10438
unreach-call,mix048_power.oepc_power.opt_pso.oepc_pso.opt_rmo.oepc_rmo.opt_tso.oepc_tso.opt-podwr000_power.oepc_power.opt_pso.oepc_pso.opt_rmo.oepc_rmo.opt_tso.oepc_tso.opt,2,3,1.18374
unreach-call,13-privatized_18-first-reads_unknown_2_pos,2,1,1.08377
unreach-call,safe027_power.oepc,2,2,1.1108
unreach-call,unwind1-100,200,1,4.8454
unreach-call,race-1_2-join,2,2,9.26847
unreach-call,qw2004-2b,2,2,0.125928
unreach-call,rfi009_rmo.oepc,2,2,0.912561
unreach-call,rfi003_power.oepc_power.opt_pso.oepc_pso.opt_rmo.oepc_rmo.opt,2,3,1.05594
unreach-call,safe002_rmo.oepc,2,2,1.13059
unreach-call,28-race_reach_77-tricky_address4_racing,11,3,
unreach-call,safe006_power.oepc-thin000_power.oepc,2,2,0.740262
unreach-call,mix041_power.oepc_pso.oepc_rmo.oepc,2,3,1.17954
unreach-call,mix053.opt,2,3,1.55698
unreach-call,mix014.opt,2,3,1.90074
unreach-call,36-apron_41-threadenter-no-locals_unknown_1_neg,2,1,0.0191746
unreach-call,safe021_power.opt_pso.opt,2,3,1.57507
unreach-call,safe006_power.opt-thin000_power.opt,2,3,1.27352
valid-memsafety,char_pc8736x_gpio_pc8736x_gpio_open_pc8736x_gpio_set,100,2,0.0448956
unreach-call,mix040_power.oepc_pso.oepc_rmo.oepc,2,3,2.04678
unreach-call,rfi006_power.opt,2,2,1151
unreach-call,mix047_power.oepc_pso.oepc_rmo.oepc,2,3,2.06411
unreach-call,safe018_rmo.opt,2,3,1.38409
no-overflow,char_pc8736x_gpio_pc8736x_gpio_change_pc8736x_gpio_set-set_ovfl,100,1,23.0617
unreach-call,safe018_rmo.oepc,2,2,0.772222
unreach-call,mix020.opt,2,3,3.56975
unreach-call,28_buggy_simple_loop1_vf,2,1,0.506689
unreach-call,28-race_reach_45-escape_racing,2,2,12.1753
no-overflow,char_pc8736x_gpio_pc8736x_gpio_get_pc8736x_gpio_set-set_ovfl,100,1,35.3006
valid-memsafety,bounded_mpmc_check_empty,2,5,
unreach-call,28-race_reach_92-evilcollapse_racing,200,2,
unreach-call,25_stack_longer-1,2,1,56.6714
unreach-call,mix026_pso.opt_rmo.opt,2,3,1.73456
unreach-call,queue_longer,2,2,1215.53
unreach-call,rfi000_power.opt_pso.opt_rmo.opt,2,3,1.2177
unreach-call,28-race_reach_81-list_racing,10001,3,
unreach-call,13-privatized_19-publish-precision_unknown_1_neg,2,1,2.80795
valid-memsafety,char_pc8736x_gpio_pc8736x_gpio_open_pc8736x_gpio_current,100,2,0.0448754
unreach-call,mix011_tso.oepc,2,3,1.66877
unreach-call,rfi007_power.oepc_power.opt_pso.oepc_pso.opt_rmo.oepc_rmo.opt,2,3,1.17593
unreach-call,rfi001_power.oepc_pso.oepc_rmo.oepc,2,3,1.17328
unreach-call,stack_longest-1,2,1,548.74
unreach-call,mix035_pso.opt_tso.opt,2,3,1.32633
unreach-call,mix028_power.oepc_pso.oepc_rmo.oepc,2,3,1.50469
unreach-call,mix017_power.opt_rmo.opt,2,3,1.8442
unreach-call,unwind1-1,6,1,0.289154
unreach-call,reorder_5,2,1,
unreach-call,rfi008.opt,2,3,1.28442
unreach-call,safe034_power.oepc_power.opt_pso.oepc_pso.opt_rmo.oepc_rmo.opt,2,3,1.22424
unreach-call,28-race_reach_40-trylock_racing,10001,2,
unreach-call,28-race_reach_78-equ_racing,10001,2,115523
unreach-call,mix052_power.oepc_power.opt_pso.oepc_rmo.oepc,2,3,1.53769
unreach-call,mix007.oepc,2,3,2.14163
unreach-call,mix056_power.opt_pso.opt_rmo.opt_tso.oepc_tso.opt,2,3,1.34353
unreach-call,popl20-bad-counter-queue.wvr,2,3,1.5488
unreach-call,safe007_power.oepc-thin001_power.oepc,2,2,2.25131
unreach-call,mix042.opt,2,3,1.46097
unreach-call,safe008_power.opt,2,3,1.62328
unreach-call,fib_unsafe-7,17,8,
valid-memsafety,char_pc8736x_gpio_pc8736x_gpio_change_pc8736x_gpio_current,100,2,0.0451855
unreach-call,mix051_power.oepc_power.opt_pso.oepc_rmo.oepc,2,3,1.9231
unreach-call,mix054_pso.opt_rmo.opt_tso.oepc_tso.opt,2,3,1156
unreach-call,stack_longer-1,2,1,189608
unreach-call,mix030_power.opt_pso.opt_rmo.opt,2,3,1.87852
unreach-call,mix049_power.oepc_power.opt_pso.oepc_pso.opt_rmo.oepc_rmo.opt_tso.oepc_tso.opt-podwr001_power.oepc_power.opt_pso.oepc_pso.opt_rmo.oepc_rmo.opt_tso.oepc_tso.opt,2,3,1.93148
no-overflow,28-race_reach_78-equ_racing-overflow,2,1,115238
unreach-call,mix032.oepc,2,3,1.65337
unreach-call,safe003_power.opt,2,3,1.68593
unreach-call,mix019.opt,2,3,1.49089
unreach-call,race-1_3-join,2,2,4.92552
unreach-call,safe014_rmo.oepc,2,2,0.7838
unreach-call,36-apron_17-traces-rpb-litmus_unknown_1_neg,2,1,3.39088
unreach-call,13-privatized_41-traces-ex-7_unknown_1_pos,2,2,10.1305
unreach-call,28-race_reach_03-munge_racing,10001,2,
unreach-call,safe000_power.oepc,2,2,1.15276
unreach-call,mix032.opt,2,3,1.44032
unreach-call,mix039.opt,2,3,1.58719
unreach-call,mix014_tso.oepc,2,3,3.53861
unreach-call,rfi009_power.opt_pso.oepc_pso.opt_rmo.opt_tso.oepc_tso.opt,2,3,1.70136
unreach-call,safe001_power.opt_pso.oepc_pso.opt_rmo.opt,2,3,1.61169
unreach-call,mix012_power.oepc_power.opt_pso.oepc_rmo.oepc_rmo.opt_tso.oepc,2,3,1.23029
unreach-call,safe015_power.opt,2,3,1.60939
valid-memsafety,28-race_reach_86-lists_racing-deref,10001,1,0.072384
unreach-call,mix018_power.oepc_pso.oepc_rmo.oepc,2,3,2.06092
unreach-call,28-race_reach_90-arrayloop2_racing,32,6,
unreach-call,unwind3-1,3,1,0.401577
unreach-call,mix050,2,3,2.03081
unreach-call,safe005_power.oepc_power.opt_pso.oepc_pso.opt_rmo.oepc_rmo.opt,2,3,1.40849
unreach-call,28-race_reach_82-list_racefree,10001,3,
unreach-call,mix005_tso.oepc,2,3,2.32007
unreach-call,mix055.opt,2,3,1.70803
unreach-call,safe033_power.oepc_power.opt_pso.oepc_pso.opt_rmo.oepc_rmo.opt,2,3,0.949165
valid-memsafety,sssc12-2,2,1,1.47909
unreach-call,mix015.oepc,2,3,1.65059
unreach-call,28-race_reach_71-funloop_racing,12,3,
unreach-call,safe002_power.oepc,2,2,1.16939
unreach-call,rfi006_pso.oepc_pso.opt_tso.oepc_tso.opt,2,3,1.83108
unreach-call,mix034_power.oepc_power.opt_pso.oepc_rmo.oepc_rmo.opt_tso.oepc,2,3,1.21436
no-overflow,36-apron_22-traces-write-centered-vs-meet-mutex_true,2,1,6.20411
unreach-call,mix040_tso.oepc,2,3,1.89308
unreach-call,mix007.opt,2,3,1.84728
unreach-call,safe029_power.oepc_pso.oepc_rmo.oepc,2,3,1.53684
unreach-call,mix031.oepc,2,3,1.30694
unreach-call,mix045_power.opt_pso.opt_rmo.opt_tso.oepc_tso.opt,2,3,1.41544
unreach-call,mix033.opt,2,3,1.32386
unreach-call,mix029_power.oepc_pso.oepc_rmo.oepc_tso.oepc_tso.opt,2,3,2.37512
unreach-call,safe010_power.oepc_power.opt_pso.oepc_pso.opt_rmo.oepc_rmo.opt,2,3,1.13004
unreach-call,safe019_rmo.opt,2,3,1.77483
unreach-call,mix052_tso.oepc,2,3,1.52753
valid-memsafety,char_pc8736x_gpio_pc8736x_gpio_change_pc8736x_gpio_configure,100,2,0.0448362
unreach-call,race-2_5-container_of,2,3,
unreach-call,parallel-barrier-loop.wvr,2,5,5.72765
unreach-call,safe027_power.opt,2,3,2.26386
unreach-call,mix021.opt,2,3,1.8182
unreach-call,mix002.oepc,2,3,1.73922
unreach-call,popl20-bad-buffer-mult-alt3.wvr,2,3,9.6231
unreach-call,safe012_power.oepc,2,2,0.808622
unreach-call,fib_unsafe-12,27,13,
valid-memsafety,popl20-prod-cons-eq.wvr-oob,2,1,22.1734
unreach-call,mix042.oepc,2,3,1.62671
unreach-call,reorder_2,2,1,
unreach-call,unwind3-100,300,2,0.392201
unreach-call,mix005_power.oepc_pso.oepc_rmo.oepc,2,3,3.82261
unreach-call,unwind2-nondet,2,2,0.44392
unreach-call,linux-3.14--drivers--spi--spi-tegra20-slink.ko.cil,2,1,
unreach-call,safe030_power.oepc_pso.oepc_rmo.oepc,2,3,1.55779
unreach-call,unwind3-nondet,2,1,0.399144
unreach-call,safe003_power.oepc_pso.oepc_pso.opt_rmo.oepc_rmo.opt,2,3,2.09416
unreach-call,queue_longest,2,2,5310.35
unreach-call,mix044_power.oepc_pso.oepc_rmo.oepc,2,3,2.03082
unreach-call,safe009_power.opt,2,3,2.91527
unreach-call,mix034_pso.opt_tso.opt,2,3,1.05098
unreach-call,rfi007_tso,2,3,1.42508
unreach-call,mix008_power.oepc_pso.oepc_rmo.oepc,2,3,2.10882
no-overflow,04-mutex_17a-ps_add1_nr,2,1,1.10196
unreach-call,singleton,2,3,6.07905
unreach-call,mix051_tso.oepc,2,3,2.03423
unreach-call,safe019_power.opt,2,3,2.09941
unreach-call,28-race_reach_23-sound_unlock_racing,10001,2,
unreach-call,mix011.opt,2,3,1.58603
unreach-call,safe028_power,2,3,1.78328
unreach-call,fib_unsafe-10,23,11,
unreach-call,circular_buffer_bad,2,2,20.4249
unreach-call,char_generic_nvram_read_nvram_write_nvram,2,2,112234
unreach-call,safe019_rmo.oepc,2,2,1.17057
unreach-call,safe016_power.oepc,2,2,2.3498
unreach-call,safe017_power.oepc_power.opt_pso.oepc_pso.opt_rmo.oepc_rmo.opt,2,3,1.54463
unreach-call,26_stack_cas_longest-1,1,1,201118
valid-memsafety,28-race_reach_92-evilcollapse_racing-deref,32,16,35.5014
no-overflow,char_pc8736x_gpio_pc8736x_gpio_open_pc8736x_gpio_set-set_ovfl,100,1,45.7708
unreach-call,read_write_lock-2,2,2,1.63818
unreach-call,mix008.opt,2,3,1.84212
unreach-call,mix023_tso,2,3,3.89919
no-data-race,stack_longest-1,2,3,0
no-data-race,twostage_3-race,2,3,0
no-data-race,reorder_2-race,2,3,0
no-data-race,bigshot_p,2,3,0
no-data-race,stack_longer-1,2,3,0
no-data-race,queue_ok,2,3,0
no-data-race,stack_longer-2,2,3,0
no-data-race,queue_ok_longest,2,3,0
no-data-race,triangular-1,2,3,0
no-data-race,queue_ok_longer,2,3,0
no-data-race,stack_longest-2,2,3,0
no-data-race,queue_longest,2,3,0
no-data-race,fib_unsafe-7,2,3,0
no-data-race,bigshot_s,2,3,0
no-data-race,twostage_3,2,3,0
no-data-race,lazy01,2,3,0
no-data-race,queue_longer,2,3,0
no-data-race,reorder_5-race,2,3,0
no-data-race,fib_unsafe-5,2,3,0
no-data-race,triangular-longer-1,2,3,0
no-data-race,fib_safe-5,2,3,0
no-data-race,reorder_5,2,3,0
no-data-race,fib_safe-6,2,3,0
no-data-race,stack-1,2,3,0
no-data-race,queue,2,3,0
no-data-race,fib_safe-7,2,3,0
no-data-race,triangular-longer-2,2,3,0
no-data-race,singleton_with-uninit-problems,2,3,0
no-data-race,bigshot_s2,2,3,0
no-data-race,triangular-longest-1,2,3,0
no-data-race,fib_safe-11,2,3,0
no-data-race,singleton,2,3,0
no-data-race,fib_unsafe-12,2,3,0
no-data-race,fib_safe-12,2,3,0
no-data-race,fib_unsafe-6,2,3,0
no-data-race,fib_unsafe-10,2,3,0
no-data-race,stateful01-2,2,3,0
no-data-race,reorder_2,2,3,0
no-data-race,singleton_with-uninit-problems-b,2,3,0
no-data-race,triangular-2,2,3,0
no-data-race,singleton-b,2,3,0
no-data-race,stack-2,2,3,0
no-data-race,triangular-longest-2,2,3,0
no-data-race,fib_unsafe-11,2,3,0
no-data-race,sync01,2,3,0
no-data-race,stateful01-1,2,3,0
no-data-race,sigma,2,3,0
no-data-race,floating_read-5,6,3,0
no-data-race,arithmetic_prog_ok,2,3,0
no-data-race,floating_read-20,30,3,0
no-data-race,reorder_c11_bad-50,52,3,0
no-data-race,circular_buffer_bad,2,3,0
no-data-race,reorder_c11_good-40,50,3,0
no-data-race,floating_read-25,30,3,0
no-data-race,arithmetic_prog_bad,2,3,0
no-data-race,reorder_c11_bad-20,21,3,0
no-data-race,airline-15,2,3,0
no-data-race,reorder_c11_good-20,30,3,0
no-data-race,reorder_c11_good-30,44,3,0
no-data-race,reorder_c11_bad-10,13,3,0
no-data-race,reorder_c11_good-50,60,3,0
no-data-race,floating_read-15,20,3,0
no-data-race,circular_buffer_ok,2,3,0
no-data-race,reorder_c11_good-10,15,3,0
no-data-race,reorder_c11_bad-30,35,3,0
no-data-race,reorder_c11_bad-40,44,3,0
no-data-race,floating_read-10,15,3,0
no-data-race,airline-20,2,3,0
no-data-race,airline-25,2,3,0
no-data-race,airline-10,2,3,0
no-data-race,airline-5,2,3,0
no-data-race,safe006_power.oepc-thin000_power.oepc,2,3,0
no-data-race,mix052_power.oepc_power.opt_pso.oepc_rmo.oepc,2,3,0
no-data-race,mix051_pso.opt_rmo.opt_tso.opt,2,3,0
no-data-race,safe022_power.oepc_power.opt_pso.oepc_pso.opt_rmo.oepc_rmo.opt,2,3,0
no-data-race,mix032.opt,2,3,0
no-data-race,mix008_power.oepc_pso.oepc_rmo.oepc,2,3,0
no-data-race,mix052_tso.oepc,2,3,0
no-data-race,safe004_power.oepc_pso.oepc_rmo.oepc,2,3,0
no-data-race,mix024_power.oepc_pso.oepc_rmo.oepc_tso.oepc_tso.opt,2,3,0
no-data-race,safe031_power.oepc_pso.oepc_rmo.oepc,2,3,0
no-data-race,safe011_power.oepc_pso.oepc_rmo.oepc_rmo.opt,2,3,0
no-data-race,safe012_rmo.oepc,2,3,0
no-data-race,mix018_tso.oepc,2,3,0
no-data-race,safe029_tso,2,3,0
no-data-race,mix026_pso.opt_rmo.opt,2,3,0
no-data-race,mix035.oepc,2,3,0
no-data-race,safe002_rmo.oepc,2,3,0
no-data-race,mix041_power.oepc_pso.oepc_rmo.oepc,2,3,0
no-data-race,mix028_power.opt_pso.opt_rmo.opt,2,3,0
no-data-race,safe027_pso.oepc_pso.opt_tso.oepc_tso.opt,2,3,0
no-data-race,mix056_power.opt_pso.opt_rmo.opt_tso.oepc_tso.opt,2,3,0
no-data-race,mix027_power.opt_pso.opt_rmo.opt,2,3,0
no-data-race,safe009_power.oepc,2,3,0
no-data-race,rfi000_tso,2,3,0
no-data-race,safe003_power.opt,2,3,0
no-data-race,mix040_power.oepc_pso.oepc_rmo.oepc,2,3,0
no-data-race,mix026.oepc,2,3,0
no-data-race,safe002_power.oepc,2,3,0
no-data-race,mix042.opt,2,3,0
no-data-race,mix011_power.oepc_pso.oepc_rmo.oepc,2,3,0
no-data-race,mix050,2,3,0
no-data-race,safe010_tso,2,3,0
no-data-race,safe001_power.oepc,2,3,0
no-data-race,mix029_power.opt_pso.opt_rmo.opt,2,3,0
no-data-race,safe007_rmo.oepc_rmo.opt-thin001_rmo.oepc_rmo.opt,2,3,0
no-data-race,mix038.opt,2,3,0
no-data-race,safe018_power.oepc,2,3,0
no-data-race,mix025_power.oepc_power.opt_pso.oepc_rmo.oepc_tso.oepc_tso.opt,2,3,0
no-data-race,mix026_power.opt_tso.opt,2,3,0
no-data-race,mix023_tso,2,3,0
no-data-race,mix014_tso.oepc,2,3,0
no-data-race,mix045_power.oepc_pso.oepc_rmo.oepc,2,3,0
no-data-race,mix028_tso,2,3,0
no-data-race,safe012_power.oepc,2,3,0
no-data-race,safe021_tso,2,3,0
no-data-race,mix030_tso,2,3,0
no-data-race,mix017.oepc,2,3,0
no-data-race,safe008_power.opt,2,3,0
no-data-race,mix023_power.oepc_pso.oepc_rmo.oepc,2,3,0
no-data-race,mix043.oepc,2,3,0
no-data-race,safe019_rmo.opt,2,3,0
no-data-race,safe022_tso,2,3,0
no-data-race,mix048_power.oepc_power.opt_pso.oepc_pso.opt_rmo.oepc_rmo.opt_tso.oepc_tso.opt-podwr000_power.oepc_power.opt_pso.oepc_pso.opt_rmo.oepc_rmo.opt_tso.oepc_tso.opt,2,3,0
no-data-race,mix040_tso.oepc,2,3,0
no-data-race,rfi000_power.opt_pso.opt_rmo.opt,2,3,0
no-data-race,mix013.oepc,2,3,0
no-data-race,safe003_power.oepc_pso.oepc_pso.opt_rmo.oepc_rmo.opt,2,3,0
no-data-race,safe026_tso,2,3,0
no-data-race,mix006.opt,2,3,0
no-data-race,mix005_power.oepc_pso.oepc_rmo.oepc,2,3,0
no-data-race,safe030_power.opt_pso.opt_rmo.opt,2,3,0
no-data-race,safe018_pso.oepc_pso.opt_tso.oepc_tso.opt,2,3,0
no-data-race,mix006_power.oepc_pso.oepc_rmo.oepc,2,3,0
no-data-race,safe018_rmo.oepc,2,3,0
no-data-race,safe014_power.oepc,2,3,0
no-data-race,mix019.opt,2,3,0
no-data-race,safe002_tso,2,3,0
no-data-race,mix055_power.oepc_pso.oepc_rmo.oepc,2,3,0
no-data-race,safe020_rmo,2,3,0
no-data-race,safe006_pso.oepc_pso.opt_tso.oepc_tso.opt-thin000_pso.oepc_pso.opt_tso.oepc_tso.opt,2,3,0
no-data-race,rfi008.opt,2,3,0
no-data-race,mix043.opt,2,3,0
no-data-race,safe035_power,2,3,0
no-data-race,mix020.opt,2,3,0
no-data-race,safe027_power.oepc,2,3,0
no-data-race,safe000_power.oepc,2,3,0
no-data-race,safe002_power.opt_pso.oepc_pso.opt_rmo.opt,2,3,0
no-data-race,thin002_rmo,2,3,0
no-data-race,mix020.oepc,2,3,0
no-data-race,mix003_power.opt_pso.opt_rmo.opt_tso.opt,2,3,0
no-data-race,safe012_tso,2,3,0
no-data-race,safe016_power.oepc,2,3,0
no-data-race,safe009_power.opt,2,3,0
no-data-race,thin002_power.opt,2,3,0
no-data-race,safe020_pso.oepc_pso.opt_tso.oepc_tso.opt,2,3,0
no-data-race,mix036_pso.opt_tso.opt,2,3,0
no-data-race,mix016.oepc,2,3,0
no-data-race,rfi006_power.oepc,2,3,0
no-data-race,safe035_pso.oepc_pso.opt_rmo.oepc_rmo.opt_tso.oepc_tso.opt,2,3,0
no-data-race,mix014.opt,2,3,0
no-data-race,mix004.opt,2,3,0
no-data-race,safe001_rmo.oepc,2,3,0
no-data-race,mix018.opt,2,3,0
no-data-race,safe016_power.opt,2,3,0
no-data-race,mix000.opt,2,3,0
no-data-race,safe030_power.oepc_pso.oepc_rmo.oepc,2,3,0
no-data-race,mix038_tso.oepc,2,3,0
no-data-race,safe019_power.oepc,2,3,0
no-data-race,safe011_tso,2,3,0
no-data-race,safe018_power.opt,2,3,0
no-data-race,mix056_power.oepc_pso.oepc_rmo.oepc,2,3,0
no-data-race,safe033_power.oepc_power.opt_pso.oepc_pso.opt_rmo.oepc_rmo.opt,2,3,0
no-data-race,safe000_power.opt,2,3,0
no-data-race,rfi004,2,3,0
no-data-race,safe010_power.oepc_power.opt_pso.oepc_pso.opt_rmo.oepc_rmo.opt,2,3,0
no-data-race,safe016_rmo.oepc,2,3,0
no-data-race,mix033.opt,2,3,0
no-data-race,safe005_power.oepc_power.opt_pso.oepc_pso.opt_rmo.oepc_rmo.opt,2,3,0
no-data-race,safe001_tso,2,3,0
no-data-race,mix046.oepc,2,3,0
no-data-race,safe014_pso.oepc_pso.opt_tso.oepc_tso.opt,2,3,0
no-data-race,mix036_power.opt_rmo.opt,2,3,0
no-data-race,safe019_power.opt,2,3,0
no-data-race,rfi001_power.oepc_pso.oepc_rmo.oepc,2,3,0
no-data-race,safe021_power.oepc_pso.oepc_rmo.oepc_rmo.opt,2,3,0
no-data-race,mix057_power.opt_pso.opt_rmo.opt_tso.oepc_tso.opt,2,3,0
no-data-race,mix012_power.oepc_power.opt_pso.oepc_rmo.oepc_rmo.opt_tso.oepc,2,3,0
no-data-race,safe005_tso,2,3,0
no-data-race,mix004.oepc,2,3,0
no-data-race,mix053_power.oepc_pso.oepc_rmo.oepc,2,3,0
no-data-race,mix054_power.oepc_power.opt_pso.oepc_rmo.oepc,2,3,0
no-data-race,safe029_power.oepc_pso.oepc_rmo.oepc,2,3,0
no-data-race,rfi005,2,3,0
no-data-race,safe007_power.opt-thin001_power.opt,2,3,0
no-data-race,safe004_power.opt_pso.opt_rmo.opt,2,3,0
no-data-race,mix018_power.oepc_pso.oepc_rmo.oepc,2,3,0
no-data-race,safe013_power.oepc_power.opt_pso.oepc_pso.opt_rmo.oepc_rmo.opt,2,3,0
no-data-race,mix047_power.oepc_pso.oepc_rmo.oepc,2,3,0
no-data-race,mix015.oepc,2,3,0
no-data-race,safe015_pso.oepc_pso.opt_tso.oepc_tso.opt,2,3,0
no-data-race,safe031_power.opt_pso.opt_rmo.opt,2,3,0
no-data-race,rfi001_power.opt_pso.opt_rmo.opt_tso.oepc_tso.opt,2,3,0
no-data-race,safe033_tso,2,3,0
no-data-race,mix035_power.opt_rmo.opt,2,3,0
no-data-race,safe014_power.opt,2,3,0
no-data-race,mix016_power.opt_rmo.opt,2,3,0
no-data-race,mix002.opt,2,3,0
no-data-race,safe021_power.opt_pso.opt,2,3,0
no-data-race,safe015_rmo,2,3,0
no-data-race,safe019_rmo.oepc,2,3,0
no-data-race,safe016_rmo.opt,2,3,0
no-data-race,mix022_power.oepc_power.opt_pso.oepc_pso.opt_rmo.oepc_rmo.opt,2,3,0
no-data-race,mix017_power.opt_rmo.opt,2,3,0
no-data-race,safe029_power.opt_pso.opt_rmo.opt,2,3,0
no-data-race,mix037_tso.oepc,2,3,0
no-data-race,mix051_tso.oepc,2,3,0
no-data-race,mix001.oepc,2,3,0
no-data-race,mix021_power.oepc_pso.oepc_rmo.oepc,2,3,0
no-data-race,mix053.opt,2,3,0
no-data-race,mix000.oepc,2,3,0
no-data-race,mix006_tso.oepc,2,3,0
no-data-race,safe025_power,2,3,0
no-data-race,safe008_power.oepc_pso.oepc_pso.opt_rmo.oepc_rmo.opt,2,3,0
no-data-race,mix039.opt,2,3,0
no-data-race,mix027_power.oepc_pso.oepc_rmo.oepc,2,3,0
no-data-race,mix031.opt,2,3,0
no-data-race,rfi006_power.opt,2,3,0
no-data-race,safe003_tso,2,3,0
no-data-race,safe015_power.opt,2,3,0
no-data-race,safe007_pso.oepc_pso.opt_tso.oepc_tso.opt-thin001_pso.oepc_pso.opt_tso.oepc_tso.opt,2,3,0
no-data-race,safe023_tso,2,3,0
no-data-race,mix044_tso.oepc,2,3,0
no-data-race,rfi006_pso.oepc_pso.opt_tso.oepc_tso.opt,2,3,0
no-data-race,rfi003_power.oepc_power.opt_pso.oepc_pso.opt_rmo.oepc_rmo.opt,2,3,0
no-data-race,safe013_tso,2,3,0
no-data-race,mix037_power.oepc_pso.oepc_rmo.oepc,2,3,0
no-data-race,rfi002_tso,2,3,0
no-data-race,mix040.opt,2,3,0
no-data-race,mix033_power.oepc_pso.oepc_rmo.oepc,2,3,0
no-data-race,mix038_power.oepc_pso.oepc_rmo.oepc,2,3,0
no-data-race,mix034_pso.opt_tso.opt,2,3,0
no-data-race,mix001.opt,2,3,0
no-data-race,thin002_power.oepc,2,3,0
no-data-race,mix011.opt,2,3,0
no-data-race,mix047_power.opt_pso.opt_rmo.opt_tso.oepc_tso.opt,2,3,0
no-data-race,safe006_power.opt-thin000_power.opt,2,3,0
no-data-race,rfi007_power.oepc_power.opt_pso.oepc_pso.opt_rmo.oepc_rmo.opt,2,3,0
no-data-race,rfi006_rmo,2,3,0
no-data-race,safe007_power.oepc-thin001_power.oepc,2,3,0
no-data-race,mix019_power.oepc_pso.oepc_rmo.oepc,2,3,0
no-data-race,rfi002_power.oepc_power.opt_pso.oepc_pso.opt_rmo.oepc_rmo.opt,2,3,0
no-data-race,safe014_rmo.opt,2,3,0
no-data-race,safe028_power,2,3,0
no-data-race,safe023_power.oepc_power.opt_pso.oepc_pso.opt_rmo.oepc_rmo.opt,2,3,0
no-data-race,mix030_power.opt_pso.opt_rmo.opt,2,3,0
no-data-race,mix036.oepc,2,3,0
no-data-race,mix007.opt,2,3,0
no-data-race,mix042.oepc,2,3,0
no-data-race,mix029_power.oepc_pso.oepc_rmo.oepc_tso.oepc_tso.opt,2,3,0
no-data-race,safe012_pso.oepc_pso.opt_rmo.opt,2,3,0
no-data-race,mix054_pso.opt_rmo.opt_tso.oepc_tso.opt,2,3,0
no-data-race,safe015_power.oepc,2,3,0
no-data-race,mix031.oepc,2,3,0
no-data-race,rfi007_tso,2,3,0
no-data-race,mix019_tso.oepc,2,3,0
no-data-race,safe006_rmo.oepc_rmo.opt-thin000_rmo.oepc_rmo.opt,2,3,0
no-data-race,thin002_pso.oepc_pso.opt_tso.oepc_tso.opt,2,3,0
no-data-race,mix013.opt,2,3,0
no-data-race,mix008.opt,2,3,0
no-data-race,mix028_power.oepc_pso.oepc_rmo.oepc,2,3,0
no-data-race,safe016_pso.oepc_pso.opt_tso.oepc_tso.opt,2,3,0
no-data-race,mix049_power.oepc_power.opt_pso.oepc_pso.opt_rmo.oepc_rmo.opt_tso.oepc_tso.opt-podwr001_power.oepc_power.opt_pso.oepc_pso.opt_rmo.oepc_rmo.opt_tso.oepc_tso.opt,2,3,0
no-data-race,rfi003_tso,2,3,0
no-data-race,mix055.opt,2,3,0
no-data-race,safe000_pso.oepc_pso.opt_tso.oepc_tso.opt,2,3,0
no-data-race,mix035_pso.opt_tso.opt,2,3,0
no-data-race,safe030_tso,2,3,0
no-data-race,safe025_rmo,2,3,0
no-data-race,safe000_rmo,2,3,0
no-data-race,mix025_pso.opt_rmo.opt,2,3,0
no-data-race,safe011_power.opt_pso.opt,2,3,0
no-data-race,mix014_power.oepc_pso.oepc_rmo.oepc,2,3,0
no-data-race,safe034_tso,2,3,0
no-data-race,safe009_rmo.opt,2,3,0
no-data-race,safe001_power.opt_pso.oepc_pso.opt_rmo.opt,2,3,0
no-data-race,mix032.oepc,2,3,0
no-data-race,mix046.opt,2,3,0
no-data-race,safe036,2,3,0
no-data-race,mix033_tso.oepc,2,3,0
no-data-race,mix041_power.opt_pso.opt_rmo.opt_tso.oepc_tso.opt,2,3,0
no-data-race,safe008_tso,2,3,0
no-data-race,mix017_pso.opt_tso.opt,2,3,0
no-data-race,safe034_power.oepc_power.opt_pso.oepc_pso.opt_rmo.oepc_rmo.opt,2,3,0
no-data-race,rfi000_power.oepc_pso.oepc_rmo.oepc,2,3,0
no-data-race,mix039.oepc,2,3,0
no-data-race,mix010.opt,2,3,0
no-data-race,mix009.opt,2,3,0
no-data-race,mix003.oepc,2,3,0
no-data-race,mix024_power.opt_pso.opt_rmo.opt,2,3,0
no-data-race,mix052_pso.opt_rmo.opt_tso.opt,2,3,0
no-data-race,safe004_tso,2,3,0
no-data-race,mix007.oepc,2,3,0
no-data-race,mix021.opt,2,3,0
no-data-race,mix023_power.opt_pso.opt_rmo.opt,2,3,0
no-data-race,mix009.oepc,2,3,0
no-data-race,safe027_power.opt,2,3,0
no-data-race,mix045_power.opt_pso.opt_rmo.opt_tso.oepc_tso.opt,2,3,0
no-data-race,safe019_pso.oepc_pso.opt_tso.oepc_tso.opt,2,3,0
no-data-race,mix016_pso.opt_tso.opt,2,3,0
no-data-race,mix012_pso.opt_tso.opt,2,3,0
no-data-race,mix053_tso.oepc,2,3,0
no-data-race,mix044.opt,2,3,0
no-data-race,mix022_tso,2,3,0
no-data-race,mix008_tso.oepc,2,3,0
no-data-race,mix021_tso.oepc,2,3,0
no-data-race,mix051_power.oepc_power.opt_pso.oepc_rmo.oepc,2,3,0
no-data-race,mix005_tso.oepc,2,3,0
no-data-race,mix030_power.oepc_pso.oepc_rmo.oepc,2,3,0
no-data-race,mix011_tso.oepc,2,3,0
no-data-race,rfi010,2,3,0
no-data-race,mix010.oepc,2,3,0
no-data-race,rfi009_power.opt_pso.oepc_pso.opt_rmo.opt_tso.oepc_tso.opt,2,3,0
no-data-race,mix055_tso.oepc,2,3,0
no-data-race,safe009_pso.oepc_pso.opt_tso.oepc_tso.opt,2,3,0
no-data-race,rfi009_power.oepc,2,3,0
no-data-race,safe031_tso,2,3,0
no-data-race,mix002.oepc,2,3,0
no-data-race,safe037,2,3,0
no-data-race,safe017_tso,2,3,0
no-data-race,mix034_power.oepc_power.opt_pso.oepc_rmo.oepc_rmo.opt_tso.oepc,2,3,0
no-data-race,safe017_power.oepc_power.opt_pso.oepc_pso.opt_rmo.oepc_rmo.opt,2,3,0
no-data-race,safe020_power,2,3,0
no-data-race,safe012_power.opt,2,3,0
no-data-race,mix027_tso,2,3,0
no-data-race,safe027_rmo,2,3,0
no-data-race,safe024_tso,2,3,0
no-data-race,safe024_power.oepc_power.opt_pso.oepc_pso.opt_rmo.oepc_rmo.opt,2,3,0
no-data-race,safe018_rmo.opt,2,3,0
no-data-race,mix015.opt,2,3,0
no-data-race,safe014_rmo.oepc,2,3,0
no-data-race,rfi008.oepc,2,3,0
no-data-race,safe009_rmo.oepc,2,3,0
no-data-race,mix044_power.oepc_pso.oepc_rmo.oepc,2,3,0
no-data-race,rfi009_rmo.oepc,2,3,0
no-data-race,safe028_pso.oepc_pso.opt_tso.oepc_tso.opt,2,3,0
no-data-race,safe032_power.oepc_power.opt_pso.oepc_pso.opt_rmo.oepc_rmo.opt,2,3,0
no-data-race,mix037.opt,2,3,0
no-data-race,mix005.opt,2,3,0
no-data-race,safe028_rmo,2,3,0
no-data-race,safe032_tso,2,3,0
no-data-race,mix057_power.oepc_pso.oepc_rmo.oepc,2,3,0
no-data-race,safe026_power.oepc_power.opt_pso.oepc_pso.opt_rmo.oepc_rmo.opt,2,3,0
no-data-race,safe025_pso.oepc_pso.opt_tso.oepc_tso.opt,2,3,0
no-data-race,pthread-demo-datarace-1,2,3,0
no-data-race,pthread-finding-k-matches,2,3,0
no-data-race,pthread-numerical-integration,2,3,0
no-data-race,pthread-demo-datarace-2,2,3,0
no-data-race,pthread-demo-datarace-3,2,3,0
no-data-race,unwind1-nondet,2,3,0
no-data-race,unwind2-100,2,3,0
no-data-race,exponential-64,2,3,0
no-data-race,exponential-4,2,3,0
no-data-race,wsc,2,3,0
no-data-race,unwind3-1,2,3,0
no-data-race,unwind1-100,2,3,0
no-data-race,unwind2-1,2,3,0
no-data-race,unwind1-1,2,3,0
no-data-race,unwind3-100,2,3,0
no-data-race,unwind2-nondet,2,3,0
no-data-race,exponential-nondet,2,3,0
no-data-race,unwind3-nondet,2,3,0
no-data-race,ring_2w1r-1,2,3,0
no-data-race,tls_basic,2,3,0
no-data-race,barrier_3t,4,3,0
no-data-race,ring_2w1r-2,2,3,0
no-data-race,one_time_barrier_twice_3t,4,3,0
no-data-race,one_time_barrier_twice_2t,3,3,0
no-data-race,one_time_barrier_3t,4,3,0
no-data-race,one_time_barrier_2t,3,3,0
no-data-race,condvar,44,3,0
no-data-race,barrier_2t,3,3,0
no-data-race,ring_1w1r-1,2,3,0
no-data-race,ring_1w1r-2,2,3,0
no-data-race,divinefifo_1w1r,2,3,0
no-data-race,divinefifo-bug_1w1r,2,3,0
no-data-race,peterson,2,3,0
no-data-race,qrcu-2,2,3,0
no-data-race,peterson-b,2,3,0
no-data-race,dekker,2,3,0
no-data-race,szymanski-b,2,3,0
no-data-race,read_write_lock-2,2,3,0
no-data-race,gcd-2,2,3,0
no-data-race,lamport,2,3,0
no-data-race,dekker-b-unfair,2,3,0
no-data-race,read_write_lock-2b,2,3,0
no-data-race,dekker-b,2,3,0
no-data-race,szymanski,2,3,0
no-data-race,time_var_mutex,2,3,0
no-data-race,read_write_lock-1b,2,3,0
no-data-race,scull,2,3,0
no-data-race,lamport-b,2,3,0
no-data-race,read_write_lock-1,2,3,0
no-data-race,dekker-unfair,2,3,0
no-data-race,qrcu-1,2,3,0
no-data-race,nondet-array-1,2,3,0
no-data-race,nondet-loop-bound-1,2,3,0
no-data-race,nondet-loop-bound-2,2,3,0
no-data-race,nondet-array-2,2,3,0
no-data-race,semaphore-posix,2,3,0
no-data-race,thread-join-array-dynamic-race-3,2,3,0
no-data-race,thread-join-counter-outer,2,3,0
no-data-race,per-thread-array-index-race-2,2,3,0
no-data-race,thread-join-counter-outer-race,2,3,0
no-data-race,per-thread-array-index,2,3,0
no-data-race,per-thread-array-ptr-race,3,3,0
no-data-race,per-thread-array-ptr,2,3,0
no-data-race,per-thread-struct-race,3,3,0
no-data-race,value-barrier,2,3,0
no-data-race,per-thread-struct-tid-join,2,3,0
no-data-race,thread-join-array-dynamic-race,2,3,0
no-data-race,per-thread-index-inc-race,2,3,0
no-data-race,thread-join-binomial,2,3,0
no-data-race,per-thread-struct,2,3,0
no-data-race,thread-local-value-dynamic,2,3,0
no-data-race,per-thread-struct-in-array-race,3,3,0
no-data-race,thread-join-binomial-race-2,5,3,0
no-data-race,thread-local-pthread-value,2,3,0
no-data-race,per-thread-index-bitmask,2,3,0
no-data-race,thread-join-array-const-race-3,5,3,0
no-data-race,per-thread-array-join-counter-2,2,3,0
no-data-race,thread-join-binomial-race,3,3,0
no-data-race,per-thread-struct-tid,2,3,0
no-data-race,per-thread-index-bitmask-race-2,2,3,0
no-data-race,per-thread-index-inc,2,3,0
no-data-race,thread-join-array-const-race-2,2,3,0
no-data-race,thread-local-value-cond,2,3,0
no-data-race,per-thread-array-init-race,2,3,0
no-data-race,thread-join-array-const,2,3,0
no-data-race,thread-join-counter-outer-race-2,3,3,0
no-data-race,thread-join-counter-inner-race,2,3,0
no-data-race,thread-join-array-dynamic-race-2,3,3,0
no-data-race,thread-join-binomial-race-3,3,3,0
no-data-race,per-thread-array-init,2,3,0
no-data-race,per-thread-array-join-counter,2,3,0
no-data-race,per-thread-index-bitmask-race,2,3,0
no-data-race,per-thread-index-inc-race-2,2,3,0
no-data-race,thread-join-array-dynamic,2,3,0
no-data-race,thread-local-pthread-value-cond,2,3,0
no-data-race,thread-join-counter-inner,2,3,0
no-data-race,thread-local-value,2,3,0
no-data-race,thread-join-counter-outer-race-4,3,3,0
no-data-race,per-thread-array-index-race,2,3,0
no-data-race,per-thread-index-bitmask-race-3,2,3,0
no-data-race,thread-local-value-race,2,3,0
no-data-race,atomic-gcc,2,3,0
no-data-race,thread-join-counter-inner-2,2,3,0
no-data-race,thread-join-counter-inner-race-5,2,3,0
no-data-race,value-barrier-race,2,3,0
no-data-race,thread-join-counter-outer-race-3,2,3,0
no-data-race,per-thread-struct-in-array,2,3,0
no-data-race,thread-join-counter-inner-3,2,3,0
no-data-race,fkp2013-2,2,3,0
no-data-race,qw2004-1,2,3,0
no-data-race,sssc12,2,3,0
no-data-race,fkp2013_variant-1,2,3,0
no-data-race,fk2012,2,3,0
no-data-race,fkp2013-1,2,3,0
no-data-race,fkp2013_variant-2,2,3,0
no-data-race,qw2004-2b,2,3,0
no-data-race,sssc12_variant,2,3,0
no-data-race,fkp2014,2,3,0
no-data-race,qw2004_variant,2,3,0
no-data-race,elimination_backoff_stack-race,2,3,0
no-data-race,safestack_relacy,2,3,0
no-data-race,workstealqueue_mutex-2,2,3,0
no-data-race,bounded_buffer,2,3,0
no-data-race,elimination_backoff_stack,2,1,0
no-data-race,workstealqueue_mutex-1,5,3,0
no-data-race,09_fmaxsym-race,8,3,0
no-data-race,03_incdec,2,3,0
no-data-race,43_NetBSD_sysmon_power_sliced_2,2,3,0
no-data-race,01_inc,2,3,0
no-data-race,37_stack_lock_p0_vs_concur,2,3,0
no-data-race,38_rand_cas_vs_concur,2,3,0
no-data-race,26_stack_cas_longer-2-race,2,3,0
no-data-race,39_rand_lock_p0_vs,2,3,0
no-data-race,01b_inc,2,3,0
no-data-race,26_stack_cas,2,3,0
no-data-race,25_stack-race,2,3,0
no-data-race,26_stack_cas_longer-2,2,3,0
no-data-race,05_tas,2,3,0
no-data-race,33_double_lock_p1_vs,2,3,0
no-data-race,10_fmaxsym_cas,2,3,0
no-data-race,45_monabsex1_vs,2,3,0
no-data-race,32_pthread5_vs,2,3,0
no-data-race,25_stack_longer-2-race,2,3,0
no-data-race,25_stack_longer-1,2,3,0
no-data-race,25_stack_longest-2,2,3,0
no-data-race,26_stack_cas_longest-2-race,2,3,0
no-data-race,11_fmaxsymopt-race,8,3,0
no-data-race,26_stack_cas-race,2,3,0
no-data-race,45_monabsex1_vs-b,2,3,0
no-data-race,25_stack_longer-2,2,3,0
no-data-race,25_stack_longest-1,2,3,0
no-data-race,17_szymanski,2,3,0
no-data-race,28_buggy_simple_loop1_vf,2,3,0
no-data-race,36_stack_cas_p0_vs_concur,2,3,0
no-data-race,37_stack_lock_p0_vs_concur-race,2,3,0
no-data-race,34_double_lock_p2_vs,2,3,0
no-data-race,13_unverif,2,3,0
no-data-race,48_ticket_lock_low_contention_vs-b,3,3,0
no-data-race,04_incdec_cas,2,3,0
no-data-race,36_stack_cas_p0_vs_concur-race,2,3,0
no-data-race,27_Boop_simple_vf,2,3,0
no-data-race,09_fmaxsym-zero,2,3,0
no-data-race,02_inc_cas,2,3,0
no-data-race,25_stack,2,3,0
no-data-race,11_fmaxsymopt,2,3,0
no-data-race,44_Solaris_space_map_sliced,2,3,0
no-data-race,48_ticket_lock_low_contention_vs,2,3,0
no-data-race,09_fmaxsym,2,3,0
no-data-race,04_incdec_cas-race,2,3,0
no-data-race,11_fmaxsymopt-zero,2,3,0
no-data-race,35_double_lock_p3_vs,2,3,0
no-data-race,26_stack_cas_longer-1,2,3,0
no-data-race,39_rand_lock_p0_vs-b,2,3,0
no-data-race,41_FreeBSD_abd_kbd_sliced,2,3,0
no-data-race,14_spin2003,2,3,0
no-data-race,46_monabsex2_vs-b,2,3,0
no-data-race,42_FreeBSD_rdma_addr_sliced,2,3,0
no-data-race,29_conditionals_vs,2,3,0
no-data-race,18_read_write_lock,2,3,0
no-data-race,26_stack_cas_longest-2,2,3,0
no-data-race,08_rand_cas,2,3,0
no-data-race,26_stack_cas_longest-1,2,3,0
no-data-race,25_stack_longer-1-race,2,3,0
no-data-race,25_stack_longest-2-race,2,3,0
no-data-race,48_ticket_lock_low_contention_vs-pthread,2,3,0
no-data-race,06_ticket,2,3,0
no-data-race,26_stack_cas_longer-1-race,2,3,0
no-data-race,23_lu-fig2.fixed,2,3,0
no-data-race,47_ticket_lock_hc_backoff_vs,2,3,0
no-data-race,40_barrier_vf,2,3,0
no-data-race,40_barrier_vf-b,3,3,0
no-data-race,26_stack_cas_longest-1-race,2,3,0
no-data-race,12_fmaxsymopt_cas,3,3,0
no-data-race,25_stack_longest-1-race,2,3,0
no-data-race,30_Function_Pointer3_vs,2,3,0
no-data-race,07_rand,2,3,0
no-data-race,43_NetBSD_sysmon_power_sliced,2,3,0
no-data-race,46_monabsex2_vs,2,3,0
no-data-race,43_NetBSD_sysmon_power_sliced-pthread,2,3,0
no-data-race,08_rand_cas-race,2,3,0
no-data-race,31_simple_loop5_vs,2,3,0
no-data-race,05-lval_ls_15-fldunknown_access,2,3,0
no-data-race,04-mutex_54-pt_rwlock_ww,2,3,0
no-data-race,04-mutex_10-ptrmunge_nr,2,3,0
no-data-race,04-mutex_38-indexing_malloc,2,3,0
no-data-race,05-lval_ls_09-idxsense_rc,15,3,0
no-data-race,02-base_26-malloc_struct,2,3,0
no-data-race,13-privatized_35-traces-ex-2_true,2,3,0
no-data-race,36-apron_11-traces-max-simple_true,2,3,0
no-data-race,06-symbeq_06-tricky_address1,2,3,0
no-data-race,04-mutex_46-escape_nr,2,3,0
no-data-race,05-lval_ls_02-idx_nr,2,3,0
no-data-race,36-apron_17-traces-rpb-litmus_unknown_1_neg,2,3,0
no-data-race,05-lval_ls_11-fldsense_rc,2,3,0
no-data-race,03-practical_08-nonterm1,2,3,0
no-data-race,13-privatized_47-refine-protected2_true,2,3,0
no-data-race,04-mutex_22-deref_read,2,3,0
no-data-race,04-mutex_18-glob_guards,2,3,0
no-data-race,04-mutex_50-funptr_rc,2,3,0
no-data-race,04-mutex_44-malloc_sound,15,3,0
no-data-race,09-regions_06-ptra_nr,2,3,0
no-data-race,04-mutex_04-munge_nr,2,3,0
no-data-race,05-lval_ls_08-glob_fld_2_rc,2,3,0
no-data-race,13-privatized_68-pfscan_protected_loop_minimal_interval_true,2,3,0
no-data-race,09-regions_04-list2_nr,2,3,0
no-data-race,13-privatized_19-publish-precision_unknown_1_neg,2,3,0
no-data-race,09-regions_12-arraycollapse_rc,2,3,0
no-data-race,13-privatized_52-refine-protected-loop2-small_true,2,3,0
no-data-race,09-regions_05-ptra_rc,2,3,0
no-data-race,03-practical_07-nonterm,2,3,0
no-data-race,04-mutex_43-thread_create_nr,2,3,0
no-data-race,13-privatized_58-singlethreaded-lock_true,2,3,0
no-data-race,04-mutex_02-simple_nr,2,3,0
no-data-race,05-lval_ls_04-fld_nr,2,3,0
no-data-race,36-apron_22-traces-write-centered-vs-meet-mutex_true_no-overflow,2,3,0
no-data-race,09-regions_28-list2alloc,2,3,0
no-data-race,04-mutex_28-base_nr,2,3,0
no-data-race,03-practical_15-exit_problems,2,3,0
no-data-race,04-mutex_25-single_acc,2,3,0
no-data-race,13-privatized_27-multiple-protecting2_true,2,3,0
no-data-race,13-privatized_18-first-reads_unknown_2_neg,2,3,0
no-data-race,09-regions_24-evilcollapse_nr,2,3,0
no-data-race,09-regions_03-list2_rc,2,3,0
no-data-race,36-apron_21-traces-cluster-based_true,2,3,0
no-data-race,13-privatized_31-traces-mine-vs-mutex_true,2,3,0
no-data-race,13-privatized_36-traces-ex-3_true,2,3,0
no-data-race,05-lval_ls_13-idxunknown_lock,15,3,0
no-data-race,05-lval_ls_16-idxunknown_unlock,15,3,0
no-data-race,00-sanity_09-include,2,3,0
no-data-race,10-synch_03-two_unique,2,3,0
no-data-race,13-privatized_19-publish-precision_true,2,3,0
no-data-race,13-privatized_66-mine-W-init_true,2,3,0
no-data-race,09-regions_01-list_rc,2,3,0
no-data-race,02-base_25-malloc_race_cp,2,3,0
no-data-race,06-symbeq_02-funloop_norace,2,3,0
no-data-race,04-mutex_06-ps_rc,2,3,0
no-data-race,04-mutex_42-trylock_2mutex,2,3,0
no-data-race,05-lval_ls_03-fld_rc,2,3,0
no-data-race,13-privatized_18-first-reads_unknown_1_neg,2,3,0
no-data-race,09-regions_02-list_nr,2,3,0
no-data-race,04-mutex_11-ptr_rc,2,3,0
no-data-race,06-symbeq_04-funloop_hard1,15,3,0
no-data-race,13-privatized_44-traces-mine2_true,2,3,0
no-data-race,13-privatized_18-first-reads_unknown_1_pos,2,3,0
no-data-race,05-lval_ls_05-glob_idx_rc,2,3,0
no-data-race,13-privatized_20-publish-regression_true,2,3,0
no-data-race,36-apron_17-traces-rpb-litmus_unknown_1_pos,2,3,0
no-data-race,09-regions_09-arraylist,2,3,0
no-data-race,04-mutex_23-sound_unlock,2,3,0
no-data-race,06-symbeq_13-equ_proc_nr,2,1,0
no-data-race,13-privatized_46-refine-protected1_true,2,3,0
no-data-race,06-symbeq_08-tricky_address3,2,3,0
no-data-race,13-privatized_40-traces-ex-6_true,2,3,0
no-data-race,04-mutex_05-lockfuns,2,3,0
no-data-race,09-regions_21-arrayloop2_nr,2,3,0
no-data-race,36-apron_41-threadenter-no-locals_unknown_1_neg,2,3,0
no-data-race,04-mutex_51-mutex_ptr,2,3,0
no-data-race,05-lval_ls_01-idx_rc,15,3,0
no-data-race,09-regions_13-arraycollapse_nr,2,3,0
no-data-race,04-mutex_03-munge_rc,2,3,0
no-data-race,10-synch_01-thread_unique,2,3,0
no-data-race,13-privatized_30-traces-oplus-vs-meet_true,2,3,0
no-data-race,36-apron_16-traces-unprot2_true,2,3,0
no-data-race,13-privatized_42-traces-ex-mini_true,2,3,0
no-data-race,04-mutex_24-sound_lock,2,3,0
no-data-race,04-mutex_37-indirect_rc,2,3,0
no-data-race,04-mutex_12-ptr_nr,2,3,0
no-data-race,06-symbeq_15-list_entry_nr,2,3,0
no-data-race,13-privatized_67-pthread_cond_wait_unknown_1_pos,2,3,0
no-data-race,09-regions_18-nested_rc,15,3,0
no-data-race,04-mutex_20-stdfun_rc,2,3,0
no-data-race,13-privatized_25-struct_nr_true,2,3,0
no-data-race,05-lval_ls_12-fldsense_nr,2,3,0
no-data-race,04-mutex_16-ps_add1_rc,2,3,0
no-data-race,09-regions_16-arrayloop_rc,15,3,0
no-data-race,13-privatized_57-singlethreaded-unlock_true,2,3,0
no-data-race,04-mutex_47-fun_write,2,3,0
no-data-race,04-mutex_21-sound_base,2,3,0
no-data-race,13-privatized_45-traces-per-global-and-current-lock-mine-incomparable_true,2,3,0
no-data-race,04-mutex_14-funarg_rc,2,3,0
no-data-race,13-privatized_41-traces-ex-7_unknown_1_neg,2,3,0
no-data-race,06-symbeq_11-equ_nr,2,1,0
no-data-race,04-mutex_35-trylock_rc,2,3,0
no-data-race,06-symbeq_03-funloop_simple,15,3,0
no-data-race,06-symbeq_10-equ_rc,2,3,0
no-data-race,04-mutex_45-escape_rc,2,3,0
no-data-race,04-mutex_17-ps_add1_nr,2,3,0
no-data-race,13-privatized_37-traces-ex-4_true,2,3,0
no-data-race,06-symbeq_14-list_entry_rc,2,3,0
no-data-race,09-regions_17-arrayloop_nr,2,3,0
no-data-race,04-mutex_01-simple_rc,2,3,0
no-data-race,13-privatized_69-refine-protected-loop-interval_true,2,3,0
no-data-race,13-privatized_38-traces-ex-4-switch_true,2,3,0
no-data-race,10-synch_02-thread_nonunique,2,3,0
no-data-race,36-apron_41-threadenter-no-locals_unknown_1_pos,2,3,0
no-data-race,04-mutex_55-pt_rwlock_rr,2,3,0
no-data-race,13-privatized_32-traces-mine-vs-oplus-vs-meet_true,2,3,0
no-data-race,05-lval_ls_14-idxunknown_access,2,3,0
no-data-race,04-mutex_09-ptrmunge_rc,2,3,0
no-data-race,13-privatized_19-publish-precision_unknown_1_pos,2,3,0
no-data-race,13-privatized_18-first-reads_unknown_2_pos,2,3,0
no-data-race,13-privatized_18-first-reads_true,2,3,0
no-data-race,13-privatized_34-traces-minepp-L-needs-to-be-um_true,2,3,0
no-data-race,06-symbeq_05-funloop_hard2,2,3,0
no-data-race,13-privatized_67-pthread_cond_wait_true,2,3,0
no-data-race,13-privatized_33-traces-v-matters_true,2,3,0
no-data-race,13-privatized_19-publish-precision_unknown_2_pos,2,3,0
no-data-race,09-regions_10-arraylist_rc,15,3,0
no-data-race,13-privatized_29-multiple-protecting2-vesal_true,2,3,0
no-data-race,13-privatized_01-priv_nr_true,2,3,0
no-data-race,06-symbeq_09-tricky_address4,15,3,0
no-data-race,06-symbeq_07-tricky_address2,2,3,0
no-data-race,13-privatized_24-multiple-protecting_true,2,3,0
no-data-race,13-privatized_41-traces-ex-7_unknown_1_pos,2,3,0
no-data-race,02-base_24-malloc_races,2,3,0
no-data-race,06-symbeq_23-idxsense_nr,2,3,0
no-data-race,05-lval_ls_07-glob_fld_rc,2,3,0
no-data-race,04-mutex_19-call_by_ptr_rc,2,3,0
no-data-race,13-privatized_03-priv_inv,2,3,0
no-data-race,09-regions_22-nocollapse,2,3,0
no-data-race,09-regions_19-nested_nr,2,3,0
no-data-race,04-mutex_15-funarg_nr,2,3,0
no-data-race,09-regions_11-arraylist_nr,2,3,0
no-data-race,04-mutex_41-pt_rwlock,2,3,0
no-data-race,13-privatized_04-priv_multi_true,2,3,0
no-data-race,13-privatized_19-publish-precision_unknown_2_neg,2,3,0
no-data-race,04-mutex_07-ps_nr,2,3,0
no-data-race,04-mutex_27-base_rc,2,3,0
no-data-race,13-privatized_67-pthread_cond_wait_unknown_1_neg,2,3,0
no-data-race,nondet-loop-bound-variant-1,2,2,0
no-data-race,nondet-loop-bound-variant-2,2,2,0
no-data-race,thread-join-counter-inner-race-2,3,4,0
no-data-race,thread-join-counter-inner-race-3,4,4,0
no-data-race,thread-join-counter-inner-race-4,5,4,0
no-data-race,qw2004-2,2,2,0
no-data-race,condvar_spurious_wakeup,2,2,0
no-data-race,bounded_spsc,5,3,0
no-data-race,caslock,3,3,0
no-data-race,fib_safe-10-racy,35,3,0
no-data-race,fib_safe-11-racy,35,3,0
no-data-race,fib_safe-12-racy,35,3,0
no-data-race,fib_safe-5-racy,13,3,0
no-data-race,fib_safe-6-racy,21,3,0
no-data-race,fib_safe-7-racy,21,3,0
no-data-race,fib_unsafe-10-racy,35,3,0
no-data-race,fib_unsafe-11-racy,35,3,0
no-data-race,fib_unsafe-12-racy,35,3,0
no-data-race,fib_unsafe-5-racy,13,3,0
no-data-race,fib_unsafe-6-racy,21,3,0
no-data-race,fib_unsafe-7-racy,21,3,0
no-data-race,rec_spinlock,3,3,0
no-data-race,char_pc8736x_gpio_pc8736x_gpio_change_pc8736x_gpio_current-race,100,3,0
no-data-race,char_pc8736x_gpio_pc8736x_gpio_change_pc8736x_gpio_set-race,100,3,0
no-data-race,char_pc8736x_gpio_pc8736x_gpio_current_pc8736x_gpio_set-race,100,3,0
no-data-race,twalock,3,4,0
